{
  "openapi": "3.0.0",
  "info": {
    "title": "Adviser API",
    "version": "1.0.0",
    "description": "Docs for Adviser API"
  },
  "servers": [
    {
      "url": "http://localhost:19090/api/v1",
      "description": "Serving Address"
    }
  ],
  "components": {
    "securitySchemes": {
      "bearerAuth": {
        "type": "http",
        "scheme": "bearer",
        "bearerFormat": "JWT"
      }
    },
    "schemas": {
      "Adviser": {
        "type": "object",
        "required": [
          "city",
          "country",
          "date_of_birth",
          "full_names",
          "id_number",
          "id_type",
          "partner_number",
          "intermediary_type",
          "kra_pin",
          "account_no",
          "primary_address",
          "primary_email",
          "mobile_no"
        ],
        "properties": {
          "account_no": {
            "type": "string"
          },
          "city": {
            "type": "string"
          },
          "country": {
            "type": "string"
          },
          "date_of_birth": {
            "type": "string"
          },
          "first_name": {
            "type": "string"
          },
          "full_names": {
            "type": "string"
          },
          "gender": {
            "type": "string"
          },
          "id_number": {
            "type": "string"
          },
          "id_type": {
            "type": "string"
          },
          "intermediary_type": {
            "type": "string"
          },
          "kra_pin": {
            "type": "string"
          },
          "last_name": {
            "type": "string"
          },
          "load_date": {
            "type": "string"
          },
          "mobile_no": {
            "type": "string"
          },
          "partner_number": {
            "type": "string"
          },
          "primary_address": {
            "type": "string"
          },
          "primary_email": {
            "type": "string"
          },
          "primary_phone": {
            "type": "string"
          },
          "secondary_address": {
            "type": "string"
          },
          "secondary_city": {
            "type": "string"
          },
          "secondary_email": {
            "type": "string"
          },
          "secondary_mobile": {
            "type": "string"
          },
          "secondary_phone": {
            "type": "string"
          }
        }
      },
      "Applicant": {
        "type": "object",
        "required": [
          "first_name",
          "last_name",
          "full_names",
          "gender",
          "date_of_birth",
          "id_type",
          "id_number",
          "kra_pin",
          "mobile_no",
          "primary_email",
          "primary_address",
          "city",
          "country"
        ],
        "properties": {
          "first_name": {
            "type": "string"
          },
          "last_name": {
            "type": "string"
          },
          "full_names": {
            "type": "string"
          },
          "gender": {
            "type": "string"
          },
          "date_of_birth": {
            "type": "string"
          },
          "id_type": {
            "type": "string"
          },
          "id_number": {
            "type": "string"
          },
          "kra_pin": {
            "type": "string"
          },
          "mobile_no": {
            "type": "string"
          },
          "primary_email": {
            "type": "string"
          },
          "primary_address": {
            "type": "string"
          },
          "city": {
            "type": "string"
          },
          "country": {
            "type": "string"
          }
        }
      },
      "Admin": {
        "type": "object",
        "required": [
          "id",
          "user_id",
          "email",
          "mobile_no",
          "status",
          "create_date"
        ],
        "properties": {
          "id": {
            "type": "integer"
          },
          "user_id": {
            "type": "string"
          },
          "email": {
            "type": "string"
          },
          "mobile_no": {
            "type": "string"
          },
          "status": {
            "type": "string"
          },
          "create_date": {
            "type": "string"
          }
        }
      },
      "Staff": {
        "type": "object",
        "required": [
          "first_name",
          "last_name",
          "full_names",
          "gender",
          "id_number",
          "id_type",
          "date_of_birth",
          "mobile_no",
          "primary_email",
          "partner_number"
        ],
        "properties": {
          "first_name": {
            "type": "string"
          },
          "last_name": {
            "type": "string"
          },
          "full_names": {
            "type": "string"
          },
          "gender": {
            "type": "string"
          },
          "id_number": {
            "type": "string"
          },
          "id_type": {
            "type": "string"
          },
          "date_of_birth": {
            "type": "string"
          },
          "mobile_no": {
            "type": "string"
          },
          "primary_email": {
            "type": "string"
          },
          "partner_number": {
            "type": "string"
          }
        }
      },
      "CreateOTP": {
        "type": "object",
        "required": [
          "user_id",
          "mobile_no"
        ],
        "properties": {
          "user_id": {
            "type": "string"
          },
          "mobile_no": {
            "type": "string"
          }
        }
      },
      "SetPassword": {
        "type": "object",
        "required": [
          "user_id",
          "password",
          "otp_digest"
        ],
        "properties": {
          "user_id": {
            "type": "string"
          },
          "password": {
            "type": "string"
          },
          "otp_digest": {
            "type": "string"
          }
        }
      },
      "Condition": {
        "type": "object",
        "required": [
          "filexp",
          "filval"
        ],
        "properties": {
          "filexp": {
            "type": "string"
          },
          "filval": {
            "type": "string"
          }
        }
      },
      "GetAdviser": {
        "type": "object",
        "required": [
          "user_id",
          "filval"
        ],
        "properties": {
          "user_id": {
            "type": "string"
          },
          "filval": {
            "type": "string"
          }
        }
      },
      "GetAdviserExt": {
        "type": "object",
        "required": [
          "primary_email",
          "filval"
        ],
        "properties": {
          "primary_email": {
            "type": "string"
          },
          "filval": {
            "type": "string"
          }
        }
      },
      "Event": {
        "type": "object",
        "required": [
          "id",
          "epid",
          "user_id",
          "create_date",
          "event_type",
          "endpoint",
          "direction"
        ],
        "properties": {
          "id": {
            "type": "number"
          },
          "trace_id": {
            "type": "string"
          },
          "create_date": {
            "type": "string"
          },
          "event_type": {
            "type": "string"
          },
          "endpoint": {
            "type": "string"
          },
          "direction": {
            "type": "string"
          },
          "process": {
            "type": "string"
          },
          "step": {
            "type": "string"
          },
          "status": {
            "type": "string"
          }
        }
      },
      "FileEntry": {
        "type": "object",
        "required": [
          "id",
          "user_id",
          "file_desc",
          "create_date"
        ],
        "properties": {
          "id": {
            "type": "number"
          },
          "user_id": {
            "type": "string"
          },
          "file_desc": {
            "type": "string"
          },
          "create_date": {
            "type": "string"
          }
        }
      },
      "FullEvent": {
        "type": "object",
        "required": [
          "id",
          "epid",
          "user_id",
          "create_date",
          "event_type",
          "endpoint",
          "direction"
        ],
        "properties": {
          "id": {
            "type": "number"
          },
          "epid": {
            "type": "number"
          },
          "trace_id": {
            "type": "string"
          },
          "create_date": {
            "type": "string"
          },
          "event_type": {
            "type": "string"
          },
          "endpoint": {
            "type": "string"
          },
          "direction": {
            "type": "string"
          },
          "process": {
            "type": "string"
          },
          "step": {
            "type": "string"
          },
          "status": {
            "type": "string"
          },
          "request": {
            "type": "string"
          },
          "result": {
            "type": "string"
          },
          "response": {
            "type": "string"
          }
        }
      },
      "AdviserQuery": {
        "type": "object",
        "required": [
          "key",
          "value"
        ],
        "properties": {
          "key": {
            "type": "kraPin | mobileNo | idNumber"
          },
          "value": {
            "type": "string"
          }
        }
      },
      "SignIn": {
        "type": "object",
        "required": [
          "user_id",
          "password"
        ],
        "properties": {
          "user_id": {
            "type": "email"
          },
          "password": {
            "type": "string"
          }
        }
      },
      "FileSave": {
        "type": "object",
        "required": [
          "user_id",
          "file_desc",
          "file_data"
        ],
        "properties": {
          "user_id": {
            "type": "string"
          },
          "file_desc": {
            "type": "string"
          },
          "file_data": {
            "type": "string"
          }
        }
      },
      "CreateAdmin": {
        "type": "object",
        "required": [
          "user_id",
          "password",
          "email",
          "mobile_no"
        ],
        "properties": {
          "user_id": {
            "type": "string"
          },
          "password": {
            "type": "string"
          },
          "email": {
            "type": "email"
          },
          "mobile_no": {
            "type": "string"
          }
        }
      },
      "RootSignIn": {
        "type": "object",
        "required": [
          "secret"
        ],
        "properties": {
          "secret": {
            "type": "string"
          }
        }
      },
      "AdviserStatusUpdate": {
        "type": "object",
        "required": [
          "user_id",
          "status"
        ],
        "properties": {
          "user_id": {
            "type": "string"
          },
          "status": {
            "type": "string"
          }
        }
      },
      "AdminStatusUpdate": {
        "type": "object",
        "required": [
          "user_id",
          "status"
        ],
        "properties": {
          "user_id": {
            "type": "string"
          },
          "status": {
            "type": "string"
          }
        }
      },
      "Success": {
        "type": "object",
        "properties": {
          "status": {
            "type": "success"
          },
          "data": {
            "type": "any"
          }
        }
      },
      "Error": {
        "type": "object",
        "properties": {
          "status": {
            "type": "error"
          },
          "message": {
            "type": "string"
          },
          "errorData": {
            "type": "any"
          }
        }
      }
    }
  },
  "paths": {
    "/adviser/migrate-adviser": {
      "post": {
        "summary": "Creates an existing adviser on the platform",
        "description": "Creates an existing adviser on the platform",
        "security": [
          {
            "bearerAuth": []
          }
        ],
        "requestBody": {
          "required": true,
          "content": {
            "application/json": {
              "schema": {
                "$ref": "#/components/schemas/Adviser"
              }
            }
          }
        },
        "responses": {
          "200": {
            "description": "Successful",
            "content": {
              "application/json": {
                "schema": {
                  "$ref": "#/components/schemas/Success"
                }
              }
            }
          },
          "400": {
            "description": "A client error occurred",
            "content": {
              "application/json": {
                "schema": {
                  "$ref": "#/components/schemas/Error"
                }
              }
            }
          },
          "500": {
            "description": "Server error",
            "content": {
              "application/json": {
                "schema": {
                  "$ref": "#/components/schemas/Error"
                }
              }
            }
          }
        }
      }
    },
    "/adviser/get-adviser/{user_id}": {
      "get": {
        "summary": "Returns an adviser",
        "description": "Returns an adviser",
        "security": [
          {
            "bearerAuth": []
          }
        ],
        "parameters": [
          {
            "name": "user_id",
            "in": "path",
            "description": "user_id",
            "required": true,
            "schema": {
              "type": "string"
            }
          }
        ],
        "responses": {
          "200": {
            "description": "Adviser entity matching user_id",
            "content": {
              "application/json": {
                "schema": {
                  "type": "object",
                  "properties": {
                    "advisers": {
                      "type": "object",
                      "schema": {
                        "$ref": "#/components/schemas/GetAdviser"
                      }
                    }
                  }
                }
              }
            }
          },
          "400": {
            "description": "Invalid query parameters"
          },
          "500": {
            "description": "Server error"
          }
        }
      }
    },
    "/adviser/search-adviser": {
      "post": {
        "summary": null,
        "description": null,
        "requestBody": {
          "required": true,
          "content": {
            "application/json": {
              "schema": {
                "$ref": "#/components/schemas/Condition"
              }
            }
          }
        },
        "responses": {
          "200": {
            "description": "Success",
            "content": {
              "application/json": {
                "schema": {
                  "type": "object",
                  "properties": {
                    "page": {
                      "type": "integer",
                      "format": "int32",
                      "example": 1
                    },
                    "page_size": {
                      "type": "integer",
                      "format": "int32",
                      "example": 10
                    },
                    "total_items": {
                      "type": "integer",
                      "format": "int32",
                      "example": 100
                    },
                    "totalPages": {
                      "type": "integer",
                      "format": "int32",
                      "example": 10
                    },
                    "events": {
                      "type": "array",
                      "events": {
                        "type": "object",
                        "schema": {
                          "$ref": "#/components/schemas/Adviser"
                        }
                      }
                    }
                  }
                }
              }
            }
          },
          "400": {
            "description": "A client error occurred"
          },
          "500": {
            "description": "Server error"
          }
        }
      }
    },
    "/adviser/get-adviser-ext": {
      "post": {
        "summary": "Search for Adviser (External System)",
        "description": "Search for Adviser (External System)",
        "security": [
          {
            "bearerAuth": []
          }
        ],
        "requestBody": {
          "required": true,
          "content": {
            "application/json": {
              "schema": {
                "$ref": "#/components/schemas/Condition"
              }
            }
          }
        },
        "responses": {
          "200": {
            "description": "Successful",
            "content": {
              "application/json": {
                "schema": {
                  "$ref": "#/components/schemas/Success"
                }
              }
            }
          },
          "400": {
            "description": "A client error occurred",
            "content": {
              "application/json": {
                "schema": {
                  "$ref": "#/components/schemas/Error"
                }
              }
            }
          },
          "500": {
            "description": "Server error",
            "content": {
              "application/json": {
                "schema": {
                  "$ref": "#/components/schemas/Error"
                }
              }
            }
          }
        }
      }
    },
    "/adviser/sign-in": {
      "post": {
        "summary": "Sign-In",
        "description": "Sign-In, get valid bearer token",
        "requestBody": {
          "required": true,
          "content": {
            "application/json": {
              "schema": {
                "$ref": "#/components/schemas/SignIn"
              }
            }
          }
        },
        "responses": {
          "200": {
            "description": "Successful",
            "content": {
              "application/json": {
                "schema": {
                  "$ref": "#/components/schemas/Success"
                }
              }
            }
          },
          "400": {
            "description": "A client error occurred",
            "content": {
              "application/json": {
                "schema": {
                  "$ref": "#/components/schemas/Error"
                }
              }
            }
          },
          "500": {
            "description": "Server error",
            "content": {
              "application/json": {
                "schema": {
                  "$ref": "#/components/schemas/Error"
                }
              }
            }
          }
        }
      }
    },
    "/adviser/new-adviser-application": {
      "post": {
        "summary": "Creates an adviser application",
        "description": "Creates an adviser application",
        "security": [
          {
            "bearerAuth": []
          }
        ],
        "requestBody": {
          "required": true,
          "content": {
            "application/json": {
              "schema": {
                "$ref": "#/components/schemas/Applicant"
              }
            }
          }
        },
        "responses": {
          "200": {
            "description": "Successful",
            "content": {
              "application/json": {
                "schema": {
                  "$ref": "#/components/schemas/Success"
                }
              }
            }
          },
          "400": {
            "description": "A client error occurred",
            "content": {
              "application/json": {
                "schema": {
                  "$ref": "#/components/schemas/Error"
                }
              }
            }
          },
          "500": {
            "description": "Server error",
            "content": {
              "application/json": {
                "schema": {
                  "$ref": "#/components/schemas/Error"
                }
              }
            }
          }
        }
      }
    },
    "/adviser/new-adviser-application-file": {
      "post": {
        "summary": "Uploads files related to a new application",
        "description": "Uploads files related to a new application",
        "security": [
          {
            "bearerAuth": []
          }
        ],
        "requestBody": {
          "required": true,
          "content": {
            "application/json": {
              "schema": {
                "$ref": "#/components/schemas/SaveFile"
              }
            }
          }
        },
        "responses": {
          "200": {
            "description": "Successful",
            "content": {
              "application/json": {
                "schema": {
                  "$ref": "#/components/schemas/Success"
                }
              }
            }
          },
          "400": {
            "description": "A client error occurred",
            "content": {
              "application/json": {
                "schema": {
                  "$ref": "#/components/schemas/Error"
                }
              }
            }
          },
          "500": {
            "description": "Server error",
            "content": {
              "application/json": {
                "schema": {
                  "$ref": "#/components/schemas/Error"
                }
              }
            }
          }
        }
      }
    },
    "/adviser/new-adviser-staff": {
      "post": {
        "summary": "Creates a staff user",
        "description": "Creates a staff user",
        "security": [
          {
            "bearerAuth": []
          }
        ],
        "requestBody": {
          "required": true,
          "content": {
            "application/json": {
              "schema": {
                "$ref": "#/components/schemas/Staff"
              }
            }
          }
        },
        "responses": {
          "200": {
            "description": "Successful",
            "content": {
              "application/json": {
                "schema": {
                  "$ref": "#/components/schemas/Success"
                }
              }
            }
          },
          "400": {
            "description": "A client error occurred",
            "content": {
              "application/json": {
                "schema": {
                  "$ref": "#/components/schemas/Error"
                }
              }
            }
          },
          "500": {
            "description": "Server error",
            "content": {
              "application/json": {
                "schema": {
                  "$ref": "#/components/schemas/Error"
                }
              }
            }
          }
        }
      }
    },
    "/adviser/get-otp": {
      "post": {
        "summary": "Request for OTP",
        "description": "Request for OTP",
        "security": [
          {
            "bearerAuth": []
          }
        ],
        "requestBody": {
          "required": true,
          "content": {
            "application/json": {
              "schema": {
                "$ref": "#/components/schemas/CreateOTP"
              }
            }
          }
        },
        "responses": {
          "200": {
            "description": "Successful",
            "content": {
              "application/json": {
                "schema": {
                  "$ref": "#/components/schemas/Success"
                }
              }
            }
          },
          "400": {
            "description": "A client error occurred",
            "content": {
              "application/json": {
                "schema": {
                  "$ref": "#/components/schemas/Error"
                }
              }
            }
          },
          "500": {
            "description": "Server error",
            "content": {
              "application/json": {
                "schema": {
                  "$ref": "#/components/schemas/Error"
                }
              }
            }
          }
        }
      }
    },
    "/adviser/set-password": {
      "post": {
        "summary": "Set password",
        "description": "Set password",
        "security": [
          {
            "bearerAuth": []
          }
        ],
        "requestBody": {
          "required": true,
          "content": {
            "application/json": {
              "schema": {
                "$ref": "#/components/schemas/SetPassword"
              }
            }
          }
        },
        "responses": {
          "200": {
            "description": "Successful",
            "content": {
              "application/json": {
                "schema": {
                  "$ref": "#/components/schemas/Success"
                }
              }
            }
          },
          "400": {
            "description": "A client error occurred",
            "content": {
              "application/json": {
                "schema": {
                  "$ref": "#/components/schemas/Error"
                }
              }
            }
          },
          "500": {
            "description": "Server error",
            "content": {
              "application/json": {
                "schema": {
                  "$ref": "#/components/schemas/Error"
                }
              }
            }
          }
        }
      }
    },
    "/admin/root-sign-in": {
      "post": {
        "summary": "Root sign-In",
        "description": "Sign-In for root user, authenticates and issues a valid bearer token",
        "requestBody": {
          "required": true,
          "content": {
            "application/json": {
              "schema": {
                "$ref": "#/components/schemas/RootSignIn"
              }
            }
          }
        },
        "responses": {
          "200": {
            "description": "Successful",
            "content": {
              "application/json": {
                "schema": {
                  "$ref": "#/components/schemas/Success"
                }
              }
            }
          },
          "400": {
            "description": "A client error occurred",
            "content": {
              "application/json": {
                "schema": {
                  "$ref": "#/components/schemas/Error"
                }
              }
            }
          },
          "500": {
            "description": "Server error",
            "content": {
              "application/json": {
                "schema": {
                  "$ref": "#/components/schemas/Error"
                }
              }
            }
          }
        }
      }
    },
    "/admin/admin-sign-in": {
      "post": {
        "summary": "Admin sign-In",
        "description": "Sign-In for admin user, authenticates and issues a valid bearer token",
        "requestBody": {
          "required": true,
          "content": {
            "application/json": {
              "schema": {
                "$ref": "#/components/schemas/SignIn"
              }
            }
          }
        },
        "responses": {
          "200": {
            "description": "Successful",
            "content": {
              "application/json": {
                "schema": {
                  "$ref": "#/components/schemas/Success"
                }
              }
            }
          },
          "400": {
            "description": "A client error occurred",
            "content": {
              "application/json": {
                "schema": {
                  "$ref": "#/components/schemas/Error"
                }
              }
            }
          },
          "500": {
            "description": "Server error",
            "content": {
              "application/json": {
                "schema": {
                  "$ref": "#/components/schemas/Error"
                }
              }
            }
          }
        }
      }
    },
    "/admin/create-admin": {
      "post": {
        "summary": "Creates a new Admin",
        "description": "Creates a new admin. Must be logged in as Root to complete this action",
        "security": [
          {
            "bearerAuth": []
          }
        ],
        "requestBody": {
          "required": true,
          "content": {
            "application/json": {
              "schema": {
                "$ref": "#/components/schemas/CreateAdmin"
              }
            }
          }
        },
        "responses": {
          "200": {
            "description": "Successful",
            "content": {
              "application/json": {
                "schema": {
                  "$ref": "#/components/schemas/Success"
                }
              }
            }
          },
          "400": {
            "description": "A client error occurred",
            "content": {
              "application/json": {
                "schema": {
                  "$ref": "#/components/schemas/Error"
                }
              }
            }
          },
          "500": {
            "description": "Server error",
            "content": {
              "application/json": {
                "schema": {
                  "$ref": "#/components/schemas/Error"
                }
              }
            }
          }
        }
      }
    },
    "/admin/update-admin-status": {
      "post": {
        "summary": "Updates the status of an Admin",
        "description": "Updates the status of an Admin. Must be logged in as Root to complete this action.",
        "security": [
          {
            "bearerAuth": []
          }
        ],
        "requestBody": {
          "required": true,
          "content": {
            "application/json": {
              "schema": {
                "$ref": "#/components/schemas/AdminStatusUpdate"
              }
            }
          }
        },
        "responses": {
          "200": {
            "description": "Successful",
            "content": {
              "application/json": {
                "schema": {
                  "$ref": "#/components/schemas/Success"
                }
              }
            }
          },
          "400": {
            "description": "A client error occurred",
            "content": {
              "application/json": {
                "schema": {
                  "$ref": "#/components/schemas/Error"
                }
              }
            }
          },
          "500": {
            "description": "Server error",
            "content": {
              "application/json": {
                "schema": {
                  "$ref": "#/components/schemas/Error"
                }
              }
            }
          }
        }
      }
    },
    "/admin/update-adviser-status": {
      "post": {
        "summary": "Updates the status of an adviser",
        "description": "Updates the status of an adviser",
        "security": [
          {
            "bearerAuth": []
          }
        ],
        "requestBody": {
          "required": true,
          "content": {
            "application/json": {
              "schema": {
                "$ref": "#/components/schemas/AdviserStatusUpdate"
              }
            }
          }
        },
        "responses": {
          "200": {
            "description": "Successful",
            "content": {
              "application/json": {
                "schema": {
                  "$ref": "#/components/schemas/Success"
                }
              }
            }
          },
          "400": {
            "description": "A client error occurred",
            "content": {
              "application/json": {
                "schema": {
                  "$ref": "#/components/schemas/Error"
                }
              }
            }
          },
          "500": {
            "description": "Server error",
            "content": {
              "application/json": {
                "schema": {
                  "$ref": "#/components/schemas/Error"
                }
              }
            }
          }
        }
      }
    },
    "/admin/get-applicant-files/{user_id}": {
      "get": {
        "summary": "Returns files uploaded by applicant",
        "description": "Returns files uploaded by applicant",
        "security": [
          {
            "bearerAuth": []
          }
        ],
        "parameters": [
          {
            "name": "user_id",
            "in": "path",
            "description": "user_id",
            "required": true,
            "schema": {
              "type": "string"
            }
          }
        ],
        "responses": {
          "200": {
            "description": "Success",
            "content": {
              "application/json": {
                "schema": {
                  "type": "object",
                  "properties": {
                    "advisers": {
                      "type": "object",
                      "schema": {
                        "$ref": "#/components/schemas/FileEntry"
                      }
                    }
                  }
                }
              }
            }
          },
          "400": {
            "description": "A client error occurred"
          },
          "500": {
            "description": "Server error"
          }
        }
      }
    },
    "/admin/get-new-applicants-with-paging/{page}/{page_size}": {
      "get": {
        "summary": "Returns a paged list of new applicants (status = Pending_Approval)",
        "description": "Returns a paged list of new applicants (status = Pending_Approval)",
        "security": [
          {
            "bearerAuth": []
          }
        ],
        "parameters": [
          {
            "name": "page",
            "in": "path",
            "description": "The page number. Defaults to 1 if not provided.",
            "required": true,
            "schema": {
              "type": "integer",
              "format": "int32",
              "example": 1
            }
          },
          {
            "name": "page_size",
            "in": "path",
            "description": "The number of items to display per page. Defaults to 25 if not provided.",
            "required": true,
            "schema": {
              "type": "integer",
              "format": "int32",
              "example": 10
            }
          }
        ],
        "responses": {
          "200": {
            "description": "Success",
            "content": {
              "application/json": {
                "schema": {
                  "type": "object",
                  "properties": {
                    "page": {
                      "type": "integer",
                      "format": "int32",
                      "example": 1
                    },
                    "page_size": {
                      "type": "integer",
                      "format": "int32",
                      "example": 10
                    },
                    "total_items": {
                      "type": "integer",
                      "format": "int32",
                      "example": 100
                    },
                    "totalPages": {
                      "type": "integer",
                      "format": "int32",
                      "example": 10
                    },
                    "events": {
                      "type": "array",
                      "events": {
                        "type": "object",
                        "schema": {
                          "$ref": "#/components/schemas/Event"
                        }
                      }
                    }
                  }
                }
              }
            }
          },
          "400": {
            "description": "A client error occurred"
          },
          "500": {
            "description": "Server error"
          }
        }
      }
    },
    "/admin/get-new-applicants": {
      "get": {
        "summary": "Returns a list of advisers (status = Pending_Approval)",
        "description": "Returns a list of advisers (status = Pending_Approval)",
        "security": [
          {
            "bearerAuth": []
          }
        ],
        "responses": {
          "200": {
            "description": "Success",
            "content": {
              "application/json": {
                "schema": {
                  "type": "object",
                  "properties": {
                    "page": {
                      "type": "integer",
                      "format": "int32",
                      "example": 1
                    },
                    "page_size": {
                      "type": "integer",
                      "format": "int32",
                      "example": 10
                    },
                    "total_items": {
                      "type": "integer",
                      "format": "int32",
                      "example": 100
                    },
                    "totalPages": {
                      "type": "integer",
                      "format": "int32",
                      "example": 10
                    },
                    "events": {
                      "type": "array",
                      "events": {
                        "type": "object",
                        "schema": {
                          "$ref": "#/components/schemas/Applicant"
                        }
                      }
                    }
                  }
                }
              }
            }
          },
          "400": {
            "description": "A client error occurred"
          },
          "500": {
            "description": "Server error"
          }
        }
      }
    },
    "/admin/get-advisers-with-paging/{page}/{page_size}": {
      "get": {
        "summary": "Returns a paged list of advisers (vetted)",
        "description": "Returns a paged list of advisers (vetted)",
        "security": [
          {
            "bearerAuth": []
          }
        ],
        "parameters": [
          {
            "name": "page",
            "in": "path",
            "description": "The page number. Defaults to 1 if not provided.",
            "required": true,
            "schema": {
              "type": "integer",
              "format": "int32",
              "example": 1
            }
          },
          {
            "name": "page_size",
            "in": "path",
            "description": "The number of items to display per page. Defaults to 25 if not provided.",
            "required": true,
            "schema": {
              "type": "integer",
              "format": "int32",
              "example": 10
            }
          }
        ],
        "responses": {
          "200": {
            "description": "Success",
            "content": {
              "application/json": {
                "schema": {
                  "type": "object",
                  "properties": {
                    "page": {
                      "type": "integer",
                      "format": "int32",
                      "example": 1
                    },
                    "page_size": {
                      "type": "integer",
                      "format": "int32",
                      "example": 10
                    },
                    "total_items": {
                      "type": "integer",
                      "format": "int32",
                      "example": 100
                    },
                    "totalPages": {
                      "type": "integer",
                      "format": "int32",
                      "example": 10
                    },
                    "events": {
                      "type": "array",
                      "events": {
                        "type": "object",
                        "schema": {
                          "$ref": "#/components/schemas/Adviser"
                        }
                      }
                    }
                  }
                }
              }
            }
          },
          "400": {
            "description": "A client error occurred"
          },
          "500": {
            "description": "Server error"
          }
        }
      }
    },
    "/admin/get-advisers": {
      "get": {
        "summary": "Returns a list of advisers (vetted)",
        "description": "Returns a list of advisers (vetted)",
        "security": [
          {
            "bearerAuth": []
          }
        ],
        "responses": {
          "200": {
            "description": "Success",
            "content": {
              "application/json": {
                "schema": {
                  "type": "object",
                  "properties": {
                    "page": {
                      "type": "integer",
                      "format": "int32",
                      "example": 1
                    },
                    "page_size": {
                      "type": "integer",
                      "format": "int32",
                      "example": 10
                    },
                    "total_items": {
                      "type": "integer",
                      "format": "int32",
                      "example": 100
                    },
                    "totalPages": {
                      "type": "integer",
                      "format": "int32",
                      "example": 10
                    },
                    "events": {
                      "type": "array",
                      "events": {
                        "type": "object",
                        "schema": {
                          "$ref": "#/components/schemas/Adviser"
                        }
                      }
                    }
                  }
                }
              }
            }
          },
          "400": {
            "description": "A client error occurred"
          },
          "500": {
            "description": "Server error"
          }
        }
      }
    },
    "/admin/get-all-advisers-with-paging/{page}/{page_size}": {
      "get": {
        "summary": "Returns a paged list of all advisers (vetted and applicants)",
        "description": "Returns a paged list of all advisers (vetted and applicants)",
        "security": [
          {
            "bearerAuth": []
          }
        ],
        "parameters": [
          {
            "name": "page",
            "in": "path",
            "description": "The page number. Defaults to 1 if not provided.",
            "required": true,
            "schema": {
              "type": "integer",
              "format": "int32",
              "example": 1
            }
          },
          {
            "name": "page_size",
            "in": "path",
            "description": "The number of items to display per page. Defaults to 25 if not provided.",
            "required": true,
            "schema": {
              "type": "integer",
              "format": "int32",
              "example": 10
            }
          }
        ],
        "responses": {
          "200": {
            "description": "A list of events (paginated)",
            "content": {
              "application/json": {
                "schema": {
                  "type": "object",
                  "properties": {
                    "page": {
                      "type": "integer",
                      "format": "int32",
                      "example": 1
                    },
                    "page_size": {
                      "type": "integer",
                      "format": "int32",
                      "example": 10
                    },
                    "total_items": {
                      "type": "integer",
                      "format": "int32",
                      "example": 100
                    },
                    "totalPages": {
                      "type": "integer",
                      "format": "int32",
                      "example": 10
                    },
                    "events": {
                      "type": "array",
                      "events": {
                        "type": "object",
                        "schema": {
                          "$ref": "#/components/schemas/Adviser"
                        }
                      }
                    }
                  }
                }
              }
            }
          },
          "400": {
            "description": "A client error occurred"
          },
          "500": {
            "description": "Server error"
          }
        }
      }
    },
    "/admin/get-all-advisers": {
      "get": {
        "summary": "Returns a list of advisers (vetted)",
        "description": "Returns a list of advisers (vetted)",
        "security": [
          {
            "bearerAuth": []
          }
        ],
        "responses": {
          "200": {
            "description": "A list of events (paginated)",
            "content": {
              "application/json": {
                "schema": {
                  "type": "object",
                  "properties": {
                    "page": {
                      "type": "integer",
                      "format": "int32",
                      "example": 1
                    },
                    "page_size": {
                      "type": "integer",
                      "format": "int32",
                      "example": 10
                    },
                    "total_items": {
                      "type": "integer",
                      "format": "int32",
                      "example": 100
                    },
                    "totalPages": {
                      "type": "integer",
                      "format": "int32",
                      "example": 10
                    },
                    "events": {
                      "type": "array",
                      "events": {
                        "type": "object",
                        "schema": {
                          "$ref": "#/components/schemas/Adviser"
                        }
                      }
                    }
                  }
                }
              }
            }
          },
          "400": {
            "description": "A client error occurred"
          },
          "500": {
            "description": "Server error"
          }
        }
      }
    },
    "/admin/get-events-with-condition-and-paging/{page}/{page_size}": {
      "post": {
        "summary": "Returns a paged list of events",
        "description": "Returns a paged list of events",
        "requestBody": {
          "required": true,
          "content": {
            "application/json": {
              "schema": {
                "$ref": "#/components/schemas/Condition"
              }
            }
          }
        },
        "parameters": [
          {
            "name": "page",
            "in": "path",
            "description": "The page number. Defaults to 1 if not provided.",
            "required": true,
            "schema": {
              "type": "integer",
              "format": "int32",
              "example": 1
            }
          },
          {
            "name": "page_size",
            "in": "path",
            "description": "The number of items to display per page. Defaults to 25 if not provided.",
            "required": true,
            "schema": {
              "type": "integer",
              "format": "int32",
              "example": 10
            }
          }
        ],
        "responses": {
          "200": {
            "description": "Success",
            "content": {
              "application/json": {
                "schema": {
                  "type": "object",
                  "properties": {
                    "page": {
                      "type": "integer",
                      "format": "int32",
                      "example": 1
                    },
                    "page_size": {
                      "type": "integer",
                      "format": "int32",
                      "example": 10
                    },
                    "total_items": {
                      "type": "integer",
                      "format": "int32",
                      "example": 100
                    },
                    "totalPages": {
                      "type": "integer",
                      "format": "int32",
                      "example": 10
                    },
                    "events": {
                      "type": "array",
                      "events": {
                        "type": "object",
                        "schema": {
                          "$ref": "#/components/schemas/Event"
                        }
                      }
                    }
                  }
                }
              }
            }
          },
          "400": {
            "description": "A client error occurred"
          },
          "500": {
            "description": "Server error"
          }
        }
      }
    },
    "/admin/get-events-with-condition": {
      "post": {
        "summary": "Returns a list of events",
        "description": "Returns a list of events",
        "requestBody": {
          "required": true,
          "content": {
            "application/json": {
              "schema": {
                "$ref": "#/components/schemas/Condition"
              }
            }
          }
        },
        "responses": {
          "200": {
            "description": "Success",
            "content": {
              "application/json": {
                "schema": {
                  "type": "object",
                  "properties": {
                    "page": {
                      "type": "integer",
                      "format": "int32",
                      "example": 1
                    },
                    "page_size": {
                      "type": "integer",
                      "format": "int32",
                      "example": 10
                    },
                    "total_items": {
                      "type": "integer",
                      "format": "int32",
                      "example": 100
                    },
                    "totalPages": {
                      "type": "integer",
                      "format": "int32",
                      "example": 10
                    },
                    "events": {
                      "type": "array",
                      "events": {
                        "type": "object",
                        "schema": {
                          "$ref": "#/components/schemas/Event"
                        }
                      }
                    }
                  }
                }
              }
            }
          },
          "400": {
            "description": "A client error occurred"
          },
          "500": {
            "description": "Server error"
          }
        }
      }
    },
    "/admin/get-events/{page}/{page_size}": {
      "get": {
        "summary": "Returns a list of events",
        "description": "Fetch a paginated list of items with limit and page parameters.",
        "security": [
          {
            "bearerAuth": []
          }
        ],
        "parameters": [
          {
            "name": "page",
            "in": "path",
            "description": "The page number. Defaults to 1 if not provided.",
            "required": true,
            "schema": {
              "type": "integer",
              "format": "int32",
              "example": 1
            }
          },
          {
            "name": "page_size",
            "in": "path",
            "description": "The number of items to display per page. Defaults to 25 if not provided.",
            "required": true,
            "schema": {
              "type": "integer",
              "format": "int32",
              "example": 10
            }
          }
        ],
        "responses": {
          "200": {
            "description": "Success",
            "content": {
              "application/json": {
                "schema": {
                  "type": "object",
                  "properties": {
                    "page": {
                      "type": "integer",
                      "format": "int32",
                      "example": 1
                    },
                    "page_size": {
                      "type": "integer",
                      "format": "int32",
                      "example": 10
                    },
                    "total_items": {
                      "type": "integer",
                      "format": "int32",
                      "example": 100
                    },
                    "totalPages": {
                      "type": "integer",
                      "format": "int32",
                      "example": 10
                    },
                    "events": {
                      "type": "array",
                      "events": {
                        "type": "object",
                        "schema": {
                          "$ref": "#/components/schemas/Event"
                        }
                      }
                    }
                  }
                }
              }
            }
          },
          "400": {
            "description": "A client error occurred"
          },
          "500": {
            "description": "Server error"
          }
        }
      }
    },
    "/admin/get-events": {
      "get": {
        "summary": "Returns a list of events",
        "description": "Returns a list of events",
        "security": [
          {
            "bearerAuth": []
          }
        ],
        "responses": {
          "200": {
            "description": "Success",
            "content": {
              "application/json": {
                "schema": {
                  "type": "object",
                  "properties": {
                    "page": {
                      "type": "integer",
                      "format": "int32",
                      "example": 1
                    },
                    "page_size": {
                      "type": "integer",
                      "format": "int32",
                      "example": 10
                    },
                    "total_items": {
                      "type": "integer",
                      "format": "int32",
                      "example": 100
                    },
                    "totalPages": {
                      "type": "integer",
                      "format": "int32",
                      "example": 10
                    },
                    "events": {
                      "type": "array",
                      "events": {
                        "type": "object",
                        "schema": {
                          "$ref": "#/components/schemas/Admin"
                        }
                      }
                    }
                  }
                }
              }
            }
          },
          "400": {
            "description": "A client error occurred"
          },
          "500": {
            "description": "Server error"
          }
        }
      }
    },
    "/admin/get-admins-with-condition-and-paging/{page}/{page_size}": {
      "post": {
        "summary": null,
        "description": null,
        "requestBody": {
          "required": true,
          "content": {
            "application/json": {
              "schema": {
                "$ref": "#/components/schemas/Condition"
              }
            }
          }
        },
        "parameters": [
          {
            "name": "page",
            "in": "path",
            "description": "The page number. Defaults to 1 if not provided.",
            "required": true,
            "schema": {
              "type": "integer",
              "format": "int32",
              "example": 1
            }
          },
          {
            "name": "page_size",
            "in": "path",
            "description": "The number of items to display per page. Defaults to 25 if not provided.",
            "required": true,
            "schema": {
              "type": "integer",
              "format": "int32",
              "example": 10
            }
          }
        ],
        "responses": {
          "200": {
            "description": "Returns a paged list of admins",
            "content": {
              "application/json": {
                "schema": {
                  "type": "object",
                  "properties": {
                    "page": {
                      "type": "integer",
                      "format": "int32",
                      "example": 1
                    },
                    "page_size": {
                      "type": "integer",
                      "format": "int32",
                      "example": 10
                    },
                    "total_items": {
                      "type": "integer",
                      "format": "int32",
                      "example": 100
                    },
                    "totalPages": {
                      "type": "integer",
                      "format": "int32",
                      "example": 10
                    },
                    "events": {
                      "type": "array",
                      "events": {
                        "type": "object",
                        "schema": {
                          "$ref": "#/components/schemas/Admin"
                        }
                      }
                    }
                  }
                }
              }
            }
          },
          "400": {
            "description": "A client error occurred"
          },
          "500": {
            "description": "Server error"
          }
        }
      }
    },
    "/admin/get-admins-with-condition": {
      "post": {
        "summary": null,
        "description": null,
        "requestBody": {
          "required": true,
          "content": {
            "application/json": {
              "schema": {
                "$ref": "#/components/schemas/Condition"
              }
            }
          }
        },
        "responses": {
          "200": {
            "description": "Success",
            "content": {
              "application/json": {
                "schema": {
                  "type": "object",
                  "properties": {
                    "page": {
                      "type": "integer",
                      "format": "int32",
                      "example": 1
                    },
                    "page_size": {
                      "type": "integer",
                      "format": "int32",
                      "example": 10
                    },
                    "total_items": {
                      "type": "integer",
                      "format": "int32",
                      "example": 100
                    },
                    "totalPages": {
                      "type": "integer",
                      "format": "int32",
                      "example": 10
                    },
                    "events": {
                      "type": "array",
                      "events": {
                        "type": "object",
                        "schema": {
                          "$ref": "#/components/schemas/Admin"
                        }
                      }
                    }
                  }
                }
              }
            }
          },
          "400": {
            "description": "A client error occurred"
          },
          "500": {
            "description": "Server error"
          }
        }
      }
    },
    "/admin/get-admins/{page}/{page_size}": {
      "get": {
        "summary": "Returns a paged list of admins",
        "description": "Returns a paged list of admins",
        "security": [
          {
            "bearerAuth": []
          }
        ],
        "parameters": [
          {
            "name": "page",
            "in": "path",
            "description": "The page number. Defaults to 1 if not provided.",
            "required": true,
            "schema": {
              "type": "integer",
              "format": "int32",
              "example": 1
            }
          },
          {
            "name": "page_size",
            "in": "path",
            "description": "The number of items to display per page. Defaults to 25 if not provided.",
            "required": true,
            "schema": {
              "type": "integer",
              "format": "int32",
              "example": 10
            }
          }
        ],
        "responses": {
          "200": {
            "description": "Success",
            "content": {
              "application/json": {
                "schema": {
                  "type": "object",
                  "properties": {
                    "page": {
                      "type": "integer",
                      "format": "int32",
                      "example": 1
                    },
                    "page_size": {
                      "type": "integer",
                      "format": "int32",
                      "example": 10
                    },
                    "total_items": {
                      "type": "integer",
                      "format": "int32",
                      "example": 100
                    },
                    "totalPages": {
                      "type": "integer",
                      "format": "int32",
                      "example": 10
                    },
                    "advisers": {
                      "type": "array",
                      "advisers": {
                        "type": "object",
                        "schema": {
                          "$ref": "#/components/schemas/Admin"
                        }
                      }
                    }
                  }
                }
              }
            }
          },
          "400": {
            "description": "A client error occurred"
          },
          "500": {
            "description": "Server error"
          }
        }
      }
    },
    "/admin/get-adviser/{user_id}": {
      "get": {
        "summary": "Returns adviser data",
        "description": "Fetch a single adviser matching the user_id",
        "security": [
          {
            "bearerAuth": []
          }
        ],
        "parameters": [
          {
            "name": "user_id",
            "in": "path",
            "description": "user_id",
            "required": true,
            "schema": {
              "type": "string"
            }
          }
        ],
        "responses": {
          "200": {
            "description": "Adviser entity matching user_id",
            "content": {
              "application/json": {
                "schema": {
                  "type": "object",
                  "properties": {
                    "advisers": {
                      "type": "object",
                      "schema": {
                        "$ref": "#/components/schemas/Adviser"
                      }
                    }
                  }
                }
              }
            }
          },
          "400": {
            "description": "A client error occurred"
          },
          "500": {
            "description": "Server error"
          }
        }
      }
    },
    "/admin/get-event/{event_id}": {
      "get": {
        "summary": "Returns adviser data",
        "description": "Fetch a single adviser matching the user_id",
        "security": [
          {
            "bearerAuth": []
          }
        ],
        "parameters": [
          {
            "name": "event_id",
            "in": "path",
            "description": "event_id",
            "required": true,
            "schema": {
              "type": "integer"
            }
          }
        ],
        "responses": {
          "200": {
            "description": "Event matching event_id",
            "content": {
              "application/json": {
                "schema": {
                  "type": "object",
                  "properties": {
                    "event": {
                      "type": "object",
                      "schema": {
                        "$ref": "#/components/schemas/FullEvent"
                      }
                    }
                  }
                }
              }
            }
          },
          "400": {
            "description": "A client error occurred"
          },
          "500": {
            "description": "Server error"
          }
        }
      }
    },
    "/admin/get-file/{file_id}": {
      "get": {
        "summary": "Returns file data encoded in Base 64",
        "description": "Returns file data encoded in Base 64",
        "security": [
          {
            "bearerAuth": []
          }
        ],
        "parameters": [
          {
            "name": "file_id",
            "in": "path",
            "description": "user_id",
            "required": true,
            "schema": {
              "type": "integer"
            }
          }
        ],
        "responses": {
          "200": {
            "description": "Success",
            "content": {
              "application/text": null
            }
          },
          "400": {
            "description": "A client error occurred"
          },
          "500": {
            "description": "Server error"
          }
        }
      }
    }
  },
  "tags": []
}